{":PokePomodoro:entry:default@PreBuild":{"_inputs":[{"dataType":"ValueEntry","value":"{\"_name\":\"BUILTIN_TASK_COMMAND\",\"_value\":\"\",\"_valueType\":\"string\",\"_hash\":\"0b5d05294fdf4e78e8482ef53eb64ac0\"}"},{"dataType":"ValueEntry","value":"{\"_name\":\"BUILTIN_TASK_ENV\",\"_value\":\"\",\"_valueType\":\"string\",\"_hash\":\"cdcdc2ec8062ca9ec1de46dbf2bbc053\"}"},{"dataType":"ValueEntry","value":"{\"_name\":\"BUILTIN_TASK_TOOLCHAIN\",\"_value\":\"\",\"_valueType\":\"string\",\"_hash\":\"e7f94a9422a8bc317a7d90b58efcb5f6\"}"},{"dataType":"ValueEntry","value":"{\"_name\":\"apiType\",\"_value\":\"stageMode\",\"_valueType\":\"string\",\"_hash\":\"699c7565645ea3ea8c88551a4926a3d5\"}"},{"dataType":"ValueEntry","value":"{\"_name\":\"codeType\",\"_value\":true,\"_valueType\":\"boolean\",\"_hash\":\"d6dcf21a9f078b661283507536e57ce8\"}"},{"dataType":"ValueEntry","value":"{\"_name\":\"compatibleApiVersion\",\"_value\":9,\"_valueType\":\"number\",\"_hash\":\"8f14da7cda665d5f6676adf8a127634f\"}"},{"dataType":"ValueEntry","value":"{\"_name\":\"compileApiVersion\",\"_value\":9,\"_valueType\":\"number\",\"_hash\":\"cdd5413832c7470f85f225c67a87a683\"}"},{"dataType":"ValueEntry","value":"{\"_name\":\"deviceType\",\"_value\":[\"phone\",\"tablet\"],\"_valueType\":\"object\",\"_hash\":\"6b8c09abb74b3d778d7ce1bc1efb26ef\"}"},{"dataType":"ValueEntry","value":"{\"_name\":\"isSupportOhpmProj\",\"_value\":true,\"_valueType\":\"boolean\",\"_hash\":\"f3a249d7e3f751316e931b8a08b074b4\"}"},{"dataType":"ValueEntry","value":"{\"_name\":\"profileModuleName\",\"_value\":\"entry\",\"_valueType\":\"string\",\"_hash\":\"b174ea6ff5824844dde5ad92f6b3ef2b\"}"},{"dataType":"ValueEntry","value":"{\"_name\":\"sdkToolchainsComponentVersion\",\"_value\":\"3.2.12.5\",\"_valueType\":\"string\",\"_hash\":\"cc722e03b3384cc9b37c649e4134fc99\"}"},{"dataType":"ValueEntry","value":"{\"_name\":\"targetStatusCode\",\"_value\":2,\"_valueType\":\"number\",\"_hash\":\"5a9255c0f4ee50904a9349ebafca8369\"}"}],"_successful":true,"_projectName":"PokePomodoro","_moduleName":"entry","_taskName":"default@PreBuild","_key":":PokePomodoro:entry:default@PreBuild","_executionId":":PokePomodoro:entry:default@PreBuild:1702605692126","_inputFiles":{"dataType":"Map","value":[["C:\\Users\\26387\\DevEcoStudioProjects\\PokePomodoro\\AppScope\\app.json5",{"isDirectory":false,"fileSnapShotHashValue":"c6b0b2214b581593ef2dc5d3a04cdab5"}],["C:\\Users\\26387\\DevEcoStudioProjects\\PokePomodoro\\entry\\src\\main\\module.json5",{"isDirectory":false,"fileSnapShotHashValue":"2a83ada4c0dd1b13b57930f4b80fd5bf"}]]},"_outputFiles":{"dataType":"Map","value":[]}},":PokePomodoro:entry:default@GenerateMetadata":{"_inputs":[{"dataType":"ValueEntry","value":"{\"_name\":\"BUILTIN_TASK_COMMAND\",\"_value\":\"\",\"_valueType\":\"string\",\"_hash\":\"0b5d05294fdf4e78e8482ef53eb64ac0\"}"},{"dataType":"ValueEntry","value":"{\"_name\":\"BUILTIN_TASK_ENV\",\"_value\":\"\",\"_valueType\":\"string\",\"_hash\":\"cdcdc2ec8062ca9ec1de46dbf2bbc053\"}"},{"dataType":"ValueEntry","value":"{\"_name\":\"BUILTIN_TASK_TOOLCHAIN\",\"_value\":\"\",\"_valueType\":\"string\",\"_hash\":\"e7f94a9422a8bc317a7d90b58efcb5f6\"}"},{"dataType":"ValueEntry","value":"{\"_name\":\"entryModules\",\"_value\":[],\"_valueType\":\"object\",\"_hash\":\"aea18c73616ef065de1f5734ffcfeacd\"}"},{"dataType":"ValueEntry","value":"{\"_name\":\"existMaterial\",\"_value\":true,\"_valueType\":\"boolean\",\"_hash\":\"93dc57ba6785b4754ab913cd6a94a2d4\"}"},{"dataType":"ValueEntry","value":"{\"_name\":\"existSigningConfig\",\"_value\":true,\"_valueType\":\"boolean\",\"_hash\":\"0a625026bbf59499155e2fd8a2f97c6e\"}"},{"dataType":"ValueEntry","value":"{\"_name\":\"moduleDeviceType\",\"_value\":[\"phone\",\"tablet\"],\"_valueType\":\"object\",\"_hash\":\"813bc33f3fdde783add9cb9f328a5b28\"}"},{"dataType":"ValueEntry","value":"{\"_name\":\"product\",\"_value\":\"default\",\"_valueType\":\"string\",\"_hash\":\"c78efd675257060e500cc4a185c4a166\"}"},{"dataType":"ValueEntry","value":"{\"_name\":\"sdkToolchainsComponentVersion\",\"_value\":\"3.2.12.5\",\"_valueType\":\"string\",\"_hash\":\"cc722e03b3384cc9b37c649e4134fc99\"}"},{"dataType":"ValueEntry","value":"{\"_name\":\"signingConfig_keyAlias\",\"_value\":\"debugKey\",\"_valueType\":\"string\",\"_hash\":\"4c07b0ee3239f12b1e68b46f50f552cb\"}"},{"dataType":"ValueEntry","value":"{\"_name\":\"signingConfig_keyPassword\",\"_value\":\"00000019218B245B6C56DF81F6A65D384A6F1683E4D4A72D79BF6446088B29F85A5B9EF67A61198B68\",\"_valueType\":\"string\",\"_hash\":\"a563b42e6ae6d7bb4cca488a05841b54\"}"},{"dataType":"ValueEntry","value":"{\"_name\":\"signingConfig_name\",\"_value\":\"default\",\"_valueType\":\"string\",\"_hash\":\"8b60e376556ce51d68b5485c5f79822c\"}"},{"dataType":"ValueEntry","value":"{\"_name\":\"signingConfig_signAlg\",\"_value\":\"SHA256withECDSA\",\"_valueType\":\"string\",\"_hash\":\"6914b6129327418a0e5596a96e0d04c2\"}"},{"dataType":"ValueEntry","value":"{\"_name\":\"signingConfig_storePassword\",\"_value\":\"000000199647B5653E79CAD229F8F5609AA874A3835BD1640F0B25E7072341C9E107C2B9B18589F646\",\"_valueType\":\"string\",\"_hash\":\"3fb41eea52097c15048c7f26a0e3d43d\"}"},{"dataType":"ValueEntry","value":"{\"_name\":\"signingConfig_type\",\"_value\":\"HarmonyOS\",\"_valueType\":\"string\",\"_hash\":\"7d6077786f4ba499719f9cf052004f2a\"}"},{"dataType":"ValueEntry","value":"{\"_name\":\"targetConfig\",\"_value\":\"{\\\"name\\\":\\\"default\\\",\\\"runtimeOS\\\":\\\"HarmonyOS\\\"}\",\"_valueType\":\"string\",\"_hash\":\"96bcd83382fb082c731eedf7bc0cf1dc\"}"}],"_successful":true,"_projectName":"PokePomodoro","_moduleName":"entry","_taskName":"default@GenerateMetadata","_key":":PokePomodoro:entry:default@GenerateMetadata","_executionId":":PokePomodoro:entry:default@GenerateMetadata:1702621274648","_inputFiles":{"dataType":"Map","value":[["C:\\Users\\26387\\DevEcoStudioProjects\\PokePomodoro\\entry\\src\\main\\module.json5",{"fileSnapShotHashValue":"2a83ada4c0dd1b13b57930f4b80fd5bf"}]]},"_outputFiles":{"dataType":"Map","value":[["C:\\Users\\26387\\DevEcoStudioProjects\\PokePomodoro\\entry\\build\\default\\intermediates\\hap_metadata\\default\\output_metadata.json",{"fileSnapShotHashValue":"72ced76297ab824cfd9f13583634a526"}]]}},":PokePomodoro:entry:default@MergeProfile":{"_inputs":[{"dataType":"ValueEntry","value":"{\"_name\":\"BUILTIN_TASK_COMMAND\",\"_value\":\"\",\"_valueType\":\"string\",\"_hash\":\"0b5d05294fdf4e78e8482ef53eb64ac0\"}"},{"dataType":"ValueEntry","value":"{\"_name\":\"BUILTIN_TASK_ENV\",\"_value\":\"\",\"_valueType\":\"string\",\"_hash\":\"cdcdc2ec8062ca9ec1de46dbf2bbc053\"}"},{"dataType":"ValueEntry","value":"{\"_name\":\"BUILTIN_TASK_TOOLCHAIN\",\"_value\":\"\",\"_valueType\":\"string\",\"_hash\":\"e7f94a9422a8bc317a7d90b58efcb5f6\"}"},{"dataType":"ValueEntry","value":"{\"_name\":\"asanEnable\",\"_value\":false,\"_valueType\":\"boolean\",\"_hash\":\"bc2129ba20a21b7e5234139ede1b4d7b\"}"},{"dataType":"ValueEntry","value":"{\"_name\":\"buildRoot\",\"_value\":\"build\",\"_valueType\":\"string\",\"_hash\":\"4c2dd7bb7507f74001ec27f2936db7f9\"}"},{"dataType":"ValueEntry","value":"{\"_name\":\"compatibleSdkVersion\",\"_value\":9,\"_valueType\":\"number\",\"_hash\":\"789a8631987a2e2b1a03b001c78d0180\"}"},{"dataType":"ValueEntry","value":"{\"_name\":\"isDebug\",\"_value\":true,\"_valueType\":\"boolean\",\"_hash\":\"edbf05a2d2be2c385e75d9565a48d419\"}"},{"dataType":"ValueEntry","value":"{\"_name\":\"isHarModule\",\"_value\":false,\"_valueType\":\"boolean\",\"_hash\":\"a15b7a3ed818faa99a4a10d67f52cb72\"}"},{"dataType":"ValueEntry","value":"{\"_name\":\"multiProjects\",\"_value\":false,\"_valueType\":\"boolean\",\"_hash\":\"555604752defc243b4e4c55d1549fc06\"}"},{"dataType":"ValueEntry","value":"{\"_name\":\"releaseType\",\"_value\":\"Release\",\"_valueType\":\"string\",\"_hash\":\"bbcabdda034e97584f8c36f85b3ec517\"}"},{"dataType":"ValueEntry","value":"{\"_name\":\"targetSdkVersion\",\"_value\":9,\"_valueType\":\"number\",\"_hash\":\"09b2bdc967d8b97f7b9bf4f19735497e\"}"}],"_successful":true,"_projectName":"PokePomodoro","_moduleName":"entry","_taskName":"default@MergeProfile","_key":":PokePomodoro:entry:default@MergeProfile","_executionId":":PokePomodoro:entry:default@MergeProfile:1702690782036","_inputFiles":{"dataType":"Map","value":[["C:\\Users\\26387\\DevEcoStudioProjects\\PokePomodoro\\AppScope\\app.json5",{"fileSnapShotHashValue":"c6b0b2214b581593ef2dc5d3a04cdab5"}],["C:\\Users\\26387\\DevEcoStudioProjects\\PokePomodoro\\entry\\src\\main\\module.json5",{"fileSnapShotHashValue":"2a83ada4c0dd1b13b57930f4b80fd5bf"}]]},"_outputFiles":{"dataType":"Map","value":[["C:\\Users\\26387\\DevEcoStudioProjects\\PokePomodoro\\entry\\build\\default\\intermediates\\merge_profile\\default\\module.json",{"fileSnapShotHashValue":"817dc618e8539673e4127f14cffe6d83"}]]}},":PokePomodoro:entry:default@GenerateLoaderJson":{"_inputs":[{"dataType":"ValueEntry","value":"{\"_name\":\"BUILTIN_TASK_COMMAND\",\"_value\":\"\",\"_valueType\":\"string\",\"_hash\":\"0b5d05294fdf4e78e8482ef53eb64ac0\"}"},{"dataType":"ValueEntry","value":"{\"_name\":\"BUILTIN_TASK_ENV\",\"_value\":\"\",\"_valueType\":\"string\",\"_hash\":\"cdcdc2ec8062ca9ec1de46dbf2bbc053\"}"},{"dataType":"ValueEntry","value":"{\"_name\":\"BUILTIN_TASK_TOOLCHAIN\",\"_value\":\"\",\"_valueType\":\"string\",\"_hash\":\"e7f94a9422a8bc317a7d90b58efcb5f6\"}"},{"dataType":"ValueEntry","value":"{\"_name\":\"aotCompileMode\",\"_value\":\"\",\"_valueType\":\"string\",\"_hash\":\"31b66e9c596cc61cb06cdecc08aaeb6c\"}"},{"dataType":"ValueEntry","value":"{\"_name\":\"apPath\",\"_value\":\"\",\"_valueType\":\"string\",\"_hash\":\"dabe59b8be9f1396c43dc319521a0027\"}"},{"dataType":"ValueEntry","value":"{\"_name\":\"compileMode\",\"_value\":\"esmodule\",\"_valueType\":\"string\",\"_hash\":\"dacafc8e0b77a950178a0b4d142dc32c\"}"},{"dataType":"ValueEntry","value":"{\"_name\":\"harNameOhmMap\",\"_value\":\"{}\",\"_valueType\":\"string\",\"_hash\":\"0faf006bccbcdc2c7f04ff2d8c87894f\"}"},{"dataType":"ValueEntry","value":"{\"_name\":\"modulePathMap\",\"_value\":\"{\\\"entry\\\":\\\"C:\\\\\\\\Users\\\\\\\\26387\\\\\\\\DevEcoStudioProjects\\\\\\\\PokePomodoro\\\\\\\\entry\\\"}\",\"_valueType\":\"string\",\"_hash\":\"4b8b49f4cb7a995458feb4fb4e788fe0\"}"},{"dataType":"ValueEntry","value":"{\"_name\":\"nodeModulesPath\",\"_value\":\"C:\\\\Users\\\\26387\\\\DevEcoStudioProjects\\\\PokePomodoro\\\\entry\\\\build\\\\default\\\\intermediates\\\\loader_out\\\\default\\\\node_modules\",\"_valueType\":\"string\",\"_hash\":\"2bcac53ead0ecf6ee888a8591d1ea51e\"}"},{"dataType":"ValueEntry","value":"{\"_name\":\"projectRootPath\",\"_value\":\"C:\\\\Users\\\\26387\\\\DevEcoStudioProjects\\\\PokePomodoro\",\"_valueType\":\"string\",\"_hash\":\"dec2502b7399def606df53ac5a3064bd\"}"},{"dataType":"ValueEntry","value":"{\"_name\":\"targetConfig\",\"_value\":\"{\\\"name\\\":\\\"default\\\",\\\"runtimeOS\\\":\\\"HarmonyOS\\\"}\",\"_valueType\":\"string\",\"_hash\":\"96bcd83382fb082c731eedf7bc0cf1dc\"}"}],"_successful":true,"_projectName":"PokePomodoro","_moduleName":"entry","_taskName":"default@GenerateLoaderJson","_key":":PokePomodoro:entry:default@GenerateLoaderJson","_executionId":":PokePomodoro:entry:default@GenerateLoaderJson:1702690782043","_inputFiles":{"dataType":"Map","value":[]},"_outputFiles":{"dataType":"Map","value":[["C:\\Users\\26387\\DevEcoStudioProjects\\PokePomodoro\\entry\\build\\default\\intermediates\\loader\\default\\loader.json",{"isDirectory":false,"fileSnapShotHashValue":"125c95e977526fba12ea87ca52e94afa"}]]}},":PokePomodoro:entry:default@MakePackInfo":{"_inputs":[{"dataType":"ValueEntry","value":"{\"_name\":\"BUILTIN_TASK_COMMAND\",\"_value\":\"\",\"_valueType\":\"string\",\"_hash\":\"0b5d05294fdf4e78e8482ef53eb64ac0\"}"},{"dataType":"ValueEntry","value":"{\"_name\":\"BUILTIN_TASK_ENV\",\"_value\":\"\",\"_valueType\":\"string\",\"_hash\":\"cdcdc2ec8062ca9ec1de46dbf2bbc053\"}"},{"dataType":"ValueEntry","value":"{\"_name\":\"BUILTIN_TASK_TOOLCHAIN\",\"_value\":\"\",\"_valueType\":\"string\",\"_hash\":\"e7f94a9422a8bc317a7d90b58efcb5f6\"}"},{"dataType":"ValueEntry","value":"{\"_name\":\"compatibleSdkVersion\",\"_value\":9,\"_valueType\":\"number\",\"_hash\":\"789a8631987a2e2b1a03b001c78d0180\"}"},{"dataType":"ValueEntry","value":"{\"_name\":\"compileSdkVersion\",\"_value\":9,\"_valueType\":\"number\",\"_hash\":\"3d4d5df63426ff238569b8e54a6b76e3\"}"},{"dataType":"ValueEntry","value":"{\"_name\":\"deviceTypes\",\"_value\":[\"phone\",\"tablet\"],\"_valueType\":\"object\",\"_hash\":\"c166d88837153e59136adb6a4b649962\"}"},{"dataType":"ValueEntry","value":"{\"_name\":\"releaseType\",\"_value\":\"Release\",\"_valueType\":\"string\",\"_hash\":\"bbcabdda034e97584f8c36f85b3ec517\"}"}],"_successful":true,"_projectName":"PokePomodoro","_moduleName":"entry","_taskName":"default@MakePackInfo","_key":":PokePomodoro:entry:default@MakePackInfo","_executionId":":PokePomodoro:entry:default@MakePackInfo:1702605692263","_inputFiles":{"dataType":"Map","value":[["C:\\Users\\26387\\DevEcoStudioProjects\\PokePomodoro\\AppScope\\app.json5",{"fileSnapShotHashValue":"c6b0b2214b581593ef2dc5d3a04cdab5"}],["C:\\Users\\26387\\DevEcoStudioProjects\\PokePomodoro\\entry\\src\\main\\module.json5",{"fileSnapShotHashValue":"2a83ada4c0dd1b13b57930f4b80fd5bf"}]]},"_outputFiles":{"dataType":"Map","value":[["C:\\Users\\26387\\DevEcoStudioProjects\\PokePomodoro\\entry\\build\\default\\outputs\\default\\pack.info",{"fileSnapShotHashValue":"44bc57112a2ab3d2dc7884d68b99eb3e"}]]}},":PokePomodoro:entry:default@ProcessProfile":{"_inputs":[{"dataType":"ValueEntry","value":"{\"_name\":\"BUILTIN_TASK_COMMAND\",\"_value\":\"\",\"_valueType\":\"string\",\"_hash\":\"0b5d05294fdf4e78e8482ef53eb64ac0\"}"},{"dataType":"ValueEntry","value":"{\"_name\":\"BUILTIN_TASK_ENV\",\"_value\":\"\",\"_valueType\":\"string\",\"_hash\":\"cdcdc2ec8062ca9ec1de46dbf2bbc053\"}"},{"dataType":"ValueEntry","value":"{\"_name\":\"BUILTIN_TASK_TOOLCHAIN\",\"_value\":\"\",\"_valueType\":\"string\",\"_hash\":\"e7f94a9422a8bc317a7d90b58efcb5f6\"}"},{"dataType":"ValueEntry","value":"{\"_name\":\"arkEnable\",\"_value\":true,\"_valueType\":\"boolean\",\"_hash\":\"750b4bda198545a67903dfb3f6a00a95\"}"},{"dataType":"ValueEntry","value":"{\"_name\":\"compileMode\",\"_value\":\"esmodule\",\"_valueType\":\"string\",\"_hash\":\"dacafc8e0b77a950178a0b4d142dc32c\"}"},{"dataType":"ValueEntry","value":"{\"_name\":\"dependency\",\"_value\":\"[]\",\"_valueType\":\"string\",\"_hash\":\"ac54f3d4ced2d4c1d666d40e4f7c454a\"}"},{"dataType":"ValueEntry","value":"{\"_name\":\"deviceTypes\",\"_value\":[\"phone\",\"tablet\"],\"_valueType\":\"object\",\"_hash\":\"c166d88837153e59136adb6a4b649962\"}"}],"_successful":true,"_projectName":"PokePomodoro","_moduleName":"entry","_taskName":"default@ProcessProfile","_key":":PokePomodoro:entry:default@ProcessProfile","_executionId":":PokePomodoro:entry:default@ProcessProfile:1702690782052","_inputFiles":{"dataType":"Map","value":[["C:\\Users\\26387\\DevEcoStudioProjects\\PokePomodoro\\entry\\build\\default\\intermediates\\merge_profile\\default\\module.json",{"fileSnapShotHashValue":"817dc618e8539673e4127f14cffe6d83"}]]},"_outputFiles":{"dataType":"Map","value":[["C:\\Users\\26387\\DevEcoStudioProjects\\PokePomodoro\\entry\\build\\default\\intermediates\\process_profile\\default\\module.json",{"fileSnapShotHashValue":"f060713a4f8f491762483ea983ddee85"}]]}},":PokePomodoro:entry:default@ProcessResource":{"_inputs":[{"dataType":"ValueEntry","value":"{\"_name\":\"BUILTIN_TASK_COMMAND\",\"_value\":\"\",\"_valueType\":\"string\",\"_hash\":\"0b5d05294fdf4e78e8482ef53eb64ac0\"}"},{"dataType":"ValueEntry","value":"{\"_name\":\"BUILTIN_TASK_ENV\",\"_value\":\"\",\"_valueType\":\"string\",\"_hash\":\"cdcdc2ec8062ca9ec1de46dbf2bbc053\"}"},{"dataType":"ValueEntry","value":"{\"_name\":\"BUILTIN_TASK_TOOLCHAIN\",\"_value\":\"\",\"_valueType\":\"string\",\"_hash\":\"e7f94a9422a8bc317a7d90b58efcb5f6\"}"},{"dataType":"ValueEntry","value":"{\"_name\":\"resConfigJsonContent\",\"_value\":\"{\\\"configPath\\\":\\\"C:\\\\\\\\Users\\\\\\\\26387\\\\\\\\DevEcoStudioProjects\\\\\\\\PokePomodoro\\\\\\\\entry\\\\\\\\build\\\\\\\\default\\\\\\\\intermediates\\\\\\\\process_profile\\\\\\\\default\\\\\\\\module.json\\\",\\\"packageName\\\":\\\"top.handwer.homeworktasklist\\\",\\\"output\\\":\\\"C:\\\\\\\\Users\\\\\\\\26387\\\\\\\\DevEcoStudioProjects\\\\\\\\PokePomodoro\\\\\\\\entry\\\\\\\\build\\\\\\\\default\\\\\\\\intermediates\\\\\\\\res\\\\\\\\default\\\",\\\"moduleNames\\\":\\\"entry\\\",\\\"ResourceTable\\\":[\\\"C:\\\\\\\\Users\\\\\\\\26387\\\\\\\\DevEcoStudioProjects\\\\\\\\PokePomodoro\\\\\\\\entry\\\\\\\\build\\\\\\\\default\\\\\\\\generated\\\\\\\\r\\\\\\\\default\\\\\\\\ResourceTable.h\\\"],\\\"applicationResource\\\":\\\"C:\\\\\\\\Users\\\\\\\\26387\\\\\\\\DevEcoStudioProjects\\\\\\\\PokePomodoro\\\\\\\\AppScope\\\\\\\\resources\\\",\\\"moduleResources\\\":[\\\"C:\\\\\\\\Users\\\\\\\\26387\\\\\\\\DevEcoStudioProjects\\\\\\\\PokePomodoro\\\\\\\\entry\\\\\\\\src\\\\\\\\main\\\\\\\\resources\\\"],\\\"dependencies\\\":[]}\",\"_valueType\":\"string\",\"_hash\":\"8fb1c02bba5fdd7e80c1b2473f66cea1\"}"}],"_successful":true,"_projectName":"PokePomodoro","_moduleName":"entry","_taskName":"default@ProcessResource","_key":":PokePomodoro:entry:default@ProcessResource","_executionId":":PokePomodoro:entry:default@ProcessResource:1702605692368","_inputFiles":{"dataType":"Map","value":[]},"_outputFiles":{"dataType":"Map","value":[["C:\\Users\\26387\\DevEcoStudioProjects\\PokePomodoro\\entry\\build\\default\\intermediates\\res\\default\\resConfig.json",{"isDirectory":false,"fileSnapShotHashValue":"f0274099148f8c56162256602651f1ce"}]]}},":PokePomodoro:entry:default@ProcessLibs":{"_inputs":[{"dataType":"ValueEntry","value":"{\"_name\":\"BUILTIN_TASK_COMMAND\",\"_value\":\"\",\"_valueType\":\"string\",\"_hash\":\"0b5d05294fdf4e78e8482ef53eb64ac0\"}"},{"dataType":"ValueEntry","value":"{\"_name\":\"BUILTIN_TASK_ENV\",\"_value\":\"\",\"_valueType\":\"string\",\"_hash\":\"cdcdc2ec8062ca9ec1de46dbf2bbc053\"}"},{"dataType":"ValueEntry","value":"{\"_name\":\"BUILTIN_TASK_TOOLCHAIN\",\"_value\":\"\",\"_valueType\":\"string\",\"_hash\":\"e7f94a9422a8bc317a7d90b58efcb5f6\"}"}],"_successful":true,"_projectName":"PokePomodoro","_moduleName":"entry","_taskName":"default@ProcessLibs","_key":":PokePomodoro:entry:default@ProcessLibs","_executionId":":PokePomodoro:entry:default@ProcessLibs:1702605692369","_inputFiles":{"dataType":"Map","value":[]},"_outputFiles":{"dataType":"Map","value":[["C:\\Users\\26387\\DevEcoStudioProjects\\PokePomodoro\\entry\\build\\default\\intermediates\\libs\\default",{"isDirectory":true,"fileSnapShotHashValue":""}]]}},":PokePomodoro:entry:default@CompileResource":{"_inputs":[{"dataType":"ValueEntry","value":"{\"_name\":\"TARGET_CONFIG\",\"_value\":\"{\\\"name\\\":\\\"default\\\",\\\"runtimeOS\\\":\\\"HarmonyOS\\\"}\",\"_valueType\":\"string\"}"},{"dataType":"ValueEntry","value":"{\"_name\":\"BUILTIN_TASK_COMMAND\",\"_value\":\"C:\\\\Users\\\\26387\\\\AppData\\\\Local\\\\Huawei\\\\Sdk\\\\openharmony\\\\9\\\\toolchains\\\\restool.exe,-l,C:\\\\Users\\\\26387\\\\DevEcoStudioProjects\\\\PokePomodoro\\\\entry\\\\build\\\\default\\\\intermediates\\\\res\\\\default\\\\resConfig.json\",\"_valueType\":\"string\"}"},{"dataType":"ValueEntry","value":"{\"_name\":\"BUILTIN_TASK_TOOLCHAIN\",\"_value\":\"C:\\\\Users\\\\26387\\\\AppData\\\\Local\\\\Huawei\\\\Sdk\\\\openharmony\\\\9\\\\toolchains\\\\restool.exe\",\"_valueType\":\"string\"}"},{"dataType":"ValueEntry","value":"{\"_name\":\"BUILTIN_TASK_ENV\",\"_value\":\"\",\"_valueType\":\"string\"}"}],"_successful":true,"_projectName":"PokePomodoro","_moduleName":"entry","_taskName":"default@CompileResource","_key":":PokePomodoro:entry:default@CompileResource","_executionId":":PokePomodoro:entry:default@CompileResource:1703220386566","_inputFiles":{"dataType":"Map","value":[["C:\\Users\\26387\\DevEcoStudioProjects\\PokePomodoro\\entry\\src\\main\\resources",{"fileSnapShotHashValue":"8fae8c88a381ec99e1fee2a4d154728c"}],["C:\\Users\\26387\\DevEcoStudioProjects\\PokePomodoro\\AppScope\\resources",{"fileSnapShotHashValue":"f372ca21b9a7adc359bdf0f4a0a2e921"}],["C:\\Users\\26387\\DevEcoStudioProjects\\PokePomodoro\\entry\\build\\default\\intermediates\\process_profile\\default\\module.json",{"isDirectory":false,"fileSnapShotHashValue":"f060713a4f8f491762483ea983ddee85"}],["C:\\Users\\26387\\DevEcoStudioProjects\\PokePomodoro\\entry\\build\\default\\intermediates\\res\\default\\resConfig.json",{"isDirectory":false,"fileSnapShotHashValue":"f0274099148f8c56162256602651f1ce"}]]},"_outputFiles":{"dataType":"Map","value":[["C:\\Users\\26387\\DevEcoStudioProjects\\PokePomodoro\\entry\\build\\default\\intermediates\\res\\default",{"isDirectory":true,"fileSnapShotHashValue":"17287dad73aba3e039301d3911a21d72"}],["C:\\Users\\26387\\DevEcoStudioProjects\\PokePomodoro\\entry\\build\\default\\generated\\r\\default\\ResourceTable.h",{"isDirectory":false,"fileSnapShotHashValue":"1c0425c52954f0bea15ded645873cf91"}],["C:\\Users\\26387\\DevEcoStudioProjects\\PokePomodoro\\entry\\build\\default\\generated\\r\\default",{"isDirectory":true,"fileSnapShotHashValue":"a3fc2ecb28bde3512a6442d50a2593e3"}]]}},":PokePomodoro:entry:default@CompileArkTS":{"_inputs":[{"dataType":"ValueEntry","value":"{\"_name\":\"debuggable\",\"_value\":true,\"_valueType\":\"boolean\"}"},{"dataType":"ValueEntry","value":"{\"_name\":\"isArk\",\"_value\":true,\"_valueType\":\"boolean\"}"},{"dataType":"ValueEntry","value":"{\"_name\":\"needCoverageInsert\",\"_value\":false,\"_valueType\":\"boolean\"}"},{"dataType":"ValueEntry","value":"{\"_name\":\"arkTsWdiget\",\"_value\":false,\"_valueType\":\"boolean\"}"},{"dataType":"ValueEntry","value":"{\"_name\":\"BUILTIN_TASK_COMMAND\",\"_value\":\"\",\"_valueType\":\"string\"}"},{"dataType":"ValueEntry","value":"{\"_name\":\"BUILTIN_TASK_TOOLCHAIN\",\"_value\":\"\",\"_valueType\":\"string\"}"},{"dataType":"ValueEntry","value":"{\"_name\":\"BUILTIN_TASK_ENV\",\"_value\":\"\",\"_valueType\":\"string\"}"}],"_successful":true,"_projectName":"PokePomodoro","_moduleName":"entry","_taskName":"default@CompileArkTS","_key":":PokePomodoro:entry:default@CompileArkTS","_executionId":":PokePomodoro:entry:default@CompileArkTS:1703220386678","_inputFiles":{"dataType":"Map","value":[["C:\\Users\\26387\\DevEcoStudioProjects\\PokePomodoro\\entry\\build\\default\\intermediates\\loader\\default",{"isDirectory":true,"fileSnapShotHashValue":"b35c131bb12ca93279ecf94e8904c5a4"}],["C:\\Users\\26387\\DevEcoStudioProjects\\PokePomodoro\\entry\\build\\default\\intermediates\\res\\default\\ResourceTable.txt",{"fileSnapShotHashValue":"4fb7aa77056ef7e3e8aa94242b05b7e2"}],["C:\\Users\\26387\\DevEcoStudioProjects\\PokePomodoro\\entry\\build\\default\\intermediates\\res\\default\\module.json",{"fileSnapShotHashValue":"54fbd96ae47c1c0247b30c17d0570b8e"}],["C:\\Users\\26387\\DevEcoStudioProjects\\PokePomodoro\\entry\\build\\default\\intermediates\\res\\default\\resources\\base\\profile",{"isDirectory":true,"fileSnapShotHashValue":"896d4901eb7b28fedc0f18489d569616"}],["C:\\Users\\26387\\DevEcoStudioProjects\\PokePomodoro\\entry\\src\\main\\ets",{"isDirectory":true,"fileSnapShotHashValue":"1a5b119bbe77f217bc0d8ae382adf3fd"}]]},"_outputFiles":{"dataType":"Map","value":[["C:\\Users\\26387\\DevEcoStudioProjects\\PokePomodoro\\entry\\build\\default\\intermediates\\loader_out\\default\\ets",{"isDirectory":true,"fileSnapShotHashValue":"a1a8a1dbde023e333a1b7d05c03a988c"}]]}},":PokePomodoro:entry:default@CompileJS":{"_inputs":[{"dataType":"ValueEntry","value":"{\"_name\":\"debuggable\",\"_value\":true,\"_valueType\":\"boolean\"}"},{"dataType":"ValueEntry","value":"{\"_name\":\"isArk\",\"_value\":true,\"_valueType\":\"boolean\"}"},{"dataType":"ValueEntry","value":"{\"_name\":\"needCoverageInsert\",\"_value\":false,\"_valueType\":\"boolean\"}"},{"dataType":"ValueEntry","value":"{\"_name\":\"BUILTIN_TASK_COMMAND\",\"_value\":\"\",\"_valueType\":\"string\"}"},{"dataType":"ValueEntry","value":"{\"_name\":\"BUILTIN_TASK_TOOLCHAIN\",\"_value\":\"\",\"_valueType\":\"string\"}"},{"dataType":"ValueEntry","value":"{\"_name\":\"BUILTIN_TASK_ENV\",\"_value\":\"\",\"_valueType\":\"string\"}"}],"_successful":true,"_projectName":"PokePomodoro","_moduleName":"entry","_taskName":"default@CompileJS","_key":":PokePomodoro:entry:default@CompileJS","_executionId":":PokePomodoro:entry:default@CompileJS:1703220386689","_inputFiles":{"dataType":"Map","value":[["C:\\Users\\26387\\DevEcoStudioProjects\\PokePomodoro\\entry\\build\\default\\intermediates\\loader\\default",{"isDirectory":true,"fileSnapShotHashValue":"b35c131bb12ca93279ecf94e8904c5a4"}],["C:\\Users\\26387\\DevEcoStudioProjects\\PokePomodoro\\entry\\build\\default\\intermediates\\res\\default\\ResourceTable.txt",{"fileSnapShotHashValue":"4fb7aa77056ef7e3e8aa94242b05b7e2"}],["C:\\Users\\26387\\DevEcoStudioProjects\\PokePomodoro\\entry\\build\\default\\intermediates\\res\\default\\module.json",{"fileSnapShotHashValue":"54fbd96ae47c1c0247b30c17d0570b8e"}],["C:\\Users\\26387\\DevEcoStudioProjects\\PokePomodoro\\entry\\build\\default\\intermediates\\res\\default\\resources\\base\\profile",{"isDirectory":true,"fileSnapShotHashValue":"896d4901eb7b28fedc0f18489d569616"}]]},"_outputFiles":{"dataType":"Map","value":[["C:\\Users\\26387\\DevEcoStudioProjects\\PokePomodoro\\entry\\build\\default\\intermediates\\loader_out\\default\\js",{"isDirectory":true,"fileSnapShotHashValue":""}]]}},":PokePomodoro:entry:default@PackageHap":{"_inputs":[{"dataType":"ValueEntry","value":"{\"_name\":\"hotReload\",\"_value\":false,\"_valueType\":\"boolean\"}"},{"dataType":"ValueEntry","value":"{\"_name\":\"BUILTIN_TASK_COMMAND\",\"_value\":\"java,-Dfile.encoding=utf-8,-jar,C:\\\\Users\\\\26387\\\\AppData\\\\Local\\\\Huawei\\\\Sdk\\\\openharmony\\\\9\\\\toolchains\\\\lib\\\\app_packing_tool.jar,--mode,hap,--force,true,--lib-path,C:\\\\Users\\\\26387\\\\DevEcoStudioProjects\\\\PokePomodoro\\\\entry\\\\build\\\\default\\\\intermediates\\\\libs\\\\default,--json-path,C:\\\\Users\\\\26387\\\\DevEcoStudioProjects\\\\PokePomodoro\\\\entry\\\\build\\\\default\\\\intermediates\\\\res\\\\default\\\\module.json,--resources-path,C:\\\\Users\\\\26387\\\\DevEcoStudioProjects\\\\PokePomodoro\\\\entry\\\\build\\\\default\\\\intermediates\\\\res\\\\default\\\\resources,--index-path,C:\\\\Users\\\\26387\\\\DevEcoStudioProjects\\\\PokePomodoro\\\\entry\\\\build\\\\default\\\\intermediates\\\\res\\\\default\\\\resources.index,--pack-info-path,C:\\\\Users\\\\26387\\\\DevEcoStudioProjects\\\\PokePomodoro\\\\entry\\\\build\\\\default\\\\outputs\\\\default\\\\pack.info,--out-path,C:\\\\Users\\\\26387\\\\DevEcoStudioProjects\\\\PokePomodoro\\\\entry\\\\build\\\\default\\\\outputs\\\\default\\\\entry-default-unsigned.hap,--ets-path,C:\\\\Users\\\\26387\\\\DevEcoStudioProjects\\\\PokePomodoro\\\\entry\\\\build\\\\default\\\\intermediates\\\\loader_out\\\\default\\\\ets\",\"_valueType\":\"string\"}"},{"dataType":"ValueEntry","value":"{\"_name\":\"BUILTIN_TASK_TOOLCHAIN\",\"_value\":\"C:\\\\Users\\\\26387\\\\AppData\\\\Local\\\\Huawei\\\\Sdk\\\\openharmony\\\\9\\\\toolchains\\\\lib\\\\app_packing_tool.jar\",\"_valueType\":\"string\"}"},{"dataType":"ValueEntry","value":"{\"_name\":\"BUILTIN_TASK_ENV\",\"_value\":\"\",\"_valueType\":\"string\"}"}],"_successful":true,"_projectName":"PokePomodoro","_moduleName":"entry","_taskName":"default@PackageHap","_key":":PokePomodoro:entry:default@PackageHap","_executionId":":PokePomodoro:entry:default@PackageHap:1703220390488","_inputFiles":{"dataType":"Map","value":[["C:\\Users\\26387\\DevEcoStudioProjects\\PokePomodoro\\entry\\build\\default\\intermediates\\libs\\default",{"isDirectory":false,"fileSnapShotHashValue":""}],["C:\\Users\\26387\\DevEcoStudioProjects\\PokePomodoro\\entry\\build\\default\\intermediates\\res\\default\\module.json",{"isDirectory":false,"fileSnapShotHashValue":"54fbd96ae47c1c0247b30c17d0570b8e"}],["C:\\Users\\26387\\DevEcoStudioProjects\\PokePomodoro\\entry\\build\\default\\intermediates\\res\\default\\resources",{"isDirectory":false,"fileSnapShotHashValue":"89cb94e6b6cbe430f171272614670de2"}],["C:\\Users\\26387\\DevEcoStudioProjects\\PokePomodoro\\entry\\build\\default\\intermediates\\res\\default\\resources.index",{"isDirectory":false,"fileSnapShotHashValue":"dae1b9c5e372584ae1709c63e6b4b5f6"}],["C:\\Users\\26387\\DevEcoStudioProjects\\PokePomodoro\\entry\\build\\default\\outputs\\default\\pack.info",{"isDirectory":false,"fileSnapShotHashValue":"44bc57112a2ab3d2dc7884d68b99eb3e"}],["C:\\Users\\26387\\DevEcoStudioProjects\\PokePomodoro\\entry\\build\\default\\intermediates\\loader_out\\default\\ets",{"isDirectory":false,"fileSnapShotHashValue":"a1a8a1dbde023e333a1b7d05c03a988c"}]]},"_outputFiles":{"dataType":"Map","value":[["C:\\Users\\26387\\DevEcoStudioProjects\\PokePomodoro\\entry\\build\\default\\outputs\\default\\entry-default-unsigned.hap",{"isDirectory":false,"fileSnapShotHashValue":"b16f36a7bfd9a7e12fbe1cb0cd96808b"}]]}},":PokePomodoro:entry:default@SignHap":{"_inputs":[{"dataType":"ValueEntry","value":"{\"_name\":\"sdkToolchainsComponentVersion\",\"_value\":\"3.2.12.5\",\"_valueType\":\"string\"}"},{"dataType":"ValueEntry","value":"{\"_name\":\"existSigningConfig\",\"_value\":true,\"_valueType\":\"boolean\"}"},{"dataType":"ValueEntry","value":"{\"_name\":\"signingConfig_name\",\"_value\":\"default\",\"_valueType\":\"string\"}"},{"dataType":"ValueEntry","value":"{\"_name\":\"signingConfig_type\",\"_value\":\"HarmonyOS\",\"_valueType\":\"string\"}"},{"dataType":"ValueEntry","value":"{\"_name\":\"existMaterial\",\"_value\":true,\"_valueType\":\"boolean\"}"},{"dataType":"ValueEntry","value":"{\"_name\":\"signingConfig_signAlg\",\"_value\":\"SHA256withECDSA\",\"_valueType\":\"string\"}"},{"dataType":"ValueEntry","value":"{\"_name\":\"signingConfig_keyAlias\",\"_value\":\"debugKey\",\"_valueType\":\"string\"}"},{"dataType":"ValueEntry","value":"{\"_name\":\"signingConfig_keyPassword\",\"_value\":\"00000019218B245B6C56DF81F6A65D384A6F1683E4D4A72D79BF6446088B29F85A5B9EF67A61198B68\",\"_valueType\":\"string\"}"},{"dataType":"ValueEntry","value":"{\"_name\":\"signingConfig_storePassword\",\"_value\":\"000000199647B5653E79CAD229F8F5609AA874A3835BD1640F0B25E7072341C9E107C2B9B18589F646\",\"_valueType\":\"string\"}"},{"dataType":"ValueEntry","value":"{\"_name\":\"BUILTIN_TASK_COMMAND\",\"_value\":\"\",\"_valueType\":\"string\"}"},{"dataType":"ValueEntry","value":"{\"_name\":\"BUILTIN_TASK_TOOLCHAIN\",\"_value\":\"\",\"_valueType\":\"string\"}"},{"dataType":"ValueEntry","value":"{\"_name\":\"BUILTIN_TASK_ENV\",\"_value\":\"\",\"_valueType\":\"string\"}"}],"_successful":true,"_projectName":"PokePomodoro","_moduleName":"entry","_taskName":"default@SignHap","_key":":PokePomodoro:entry:default@SignHap","_executionId":":PokePomodoro:entry:default@SignHap:1703220390773","_inputFiles":{"dataType":"Map","value":[["C:\\Users\\26387\\.ohos\\config\\auto_debug_PokePomodoro_top.handwer.homeworktasklist_30086000593547374.cer",{"isDirectory":false,"fileSnapShotHashValue":"776ba540ad676646ea72e70707429e8c"}],["C:\\Users\\26387\\.ohos\\config\\auto_debug_PokePomodoro_top.handwer.homeworktasklist_30086000593547374.p7b",{"isDirectory":false,"fileSnapShotHashValue":"f77b95a2b5fedc24ae150a99c3018423"}],["C:\\Users\\26387\\.ohos\\config\\auto_debug_PokePomodoro_top.handwer.homeworktasklist_30086000593547374.p12",{"isDirectory":false,"fileSnapShotHashValue":"5fa1c656e4b48b08e136277325a1f17b"}],["C:\\Users\\26387\\DevEcoStudioProjects\\PokePomodoro\\entry\\build\\default\\outputs\\default\\entry-default-unsigned.hap",{"isDirectory":false,"fileSnapShotHashValue":"b16f36a7bfd9a7e12fbe1cb0cd96808b"}]]},"_outputFiles":{"dataType":"Map","value":[["C:\\Users\\26387\\DevEcoStudioProjects\\PokePomodoro\\entry\\build\\default\\outputs\\default\\entry-default-signed.hap",{"isDirectory":false,"fileSnapShotHashValue":"d98c1a8d6dead075544d3117e3800dd2"}]]}},":PokePomodoro:entry:default@PreviewProcessResource":{"_inputs":[{"dataType":"ValueEntry","value":"{\"_name\":\"previewCompileResourcesCommand\",\"_value\":\"{\\\"commandList\\\":[\\\"C:\\\\\\\\Users\\\\\\\\26387\\\\\\\\AppData\\\\\\\\Local\\\\\\\\Huawei\\\\\\\\Sdk\\\\\\\\openharmony\\\\\\\\9\\\\\\\\toolchains\\\\\\\\restool.exe\\\",\\\"-m\\\",\\\"entry\\\",\\\"-f\\\",\\\"-j\\\",\\\"C:\\\\\\\\Users\\\\\\\\26387\\\\\\\\DevEcoStudioProjects\\\\\\\\PokePomodoro\\\\\\\\entry\\\\\\\\.preview\\\\\\\\default\\\\\\\\intermediates\\\\\\\\process_profile\\\\\\\\default\\\\\\\\module.json\\\",\\\"-p\\\",\\\"top.handwer.homeworktasklist\\\",\\\"-o\\\",\\\"C:\\\\\\\\Users\\\\\\\\26387\\\\\\\\DevEcoStudioProjects\\\\\\\\PokePomodoro\\\\\\\\entry\\\\\\\\.preview\\\\\\\\default\\\\\\\\intermediates\\\\\\\\res\\\\\\\\default\\\",\\\"-r\\\",\\\"C:\\\\\\\\Users\\\\\\\\26387\\\\\\\\DevEcoStudioProjects\\\\\\\\PokePomodoro\\\\\\\\entry\\\\\\\\.preview\\\\\\\\default\\\\\\\\generated\\\\\\\\r\\\\\\\\default\\\\\\\\ResourceTable.h\\\"],\\\"inputFiles\\\":{\\\"_group\\\":{}},\\\"outputFiles\\\":{\\\"_group\\\":{}},\\\"existsResourceDir\\\":true,\\\"restoolLinkParamObj\\\":{\\\"appScopeResources\\\":\\\"C:\\\\\\\\Users\\\\\\\\26387\\\\\\\\DevEcoStudioProjects\\\\\\\\PokePomodoro\\\\\\\\AppScope\\\\\\\\resources\\\",\\\"moduleResourcesMap\\\":{},\\\"harResourcesMap\\\":{},\\\"outputPath\\\":\\\"C:\\\\\\\\Users\\\\\\\\26387\\\\\\\\DevEcoStudioProjects\\\\\\\\PokePomodoro\\\\\\\\entry\\\\\\\\.preview\\\\\\\\default\\\\\\\\intermediates\\\\\\\\res\\\\\\\\default\\\",\\\"linkCommand\\\":[\\\"C:\\\\\\\\Users\\\\\\\\26387\\\\\\\\AppData\\\\\\\\Local\\\\\\\\Huawei\\\\\\\\Sdk\\\\\\\\openharmony\\\\\\\\9\\\\\\\\toolchains\\\\\\\\restool.exe\\\",\\\"-m\\\",\\\"entry\\\",\\\"-f\\\",\\\"-j\\\",\\\"C:\\\\\\\\Users\\\\\\\\26387\\\\\\\\DevEcoStudioProjects\\\\\\\\PokePomodoro\\\\\\\\entry\\\\\\\\.preview\\\\\\\\default\\\\\\\\intermediates\\\\\\\\process_profile\\\\\\\\default\\\\\\\\module.json\\\",\\\"-p\\\",\\\"top.handwer.homeworktasklist\\\",\\\"-r\\\",\\\"C:\\\\\\\\Users\\\\\\\\26387\\\\\\\\DevEcoStudioProjects\\\\\\\\PokePomodoro\\\\\\\\entry\\\\\\\\.preview\\\\\\\\default\\\\\\\\generated\\\\\\\\r\\\\\\\\default\\\\\\\\ResourceTable.h\\\",\\\"-z\\\"]}}\",\"_valueType\":\"string\"}"},{"dataType":"ValueEntry","value":"{\"_name\":\"BUILTIN_TASK_COMMAND\",\"_value\":\"\",\"_valueType\":\"string\"}"},{"dataType":"ValueEntry","value":"{\"_name\":\"BUILTIN_TASK_TOOLCHAIN\",\"_value\":\"\",\"_valueType\":\"string\"}"},{"dataType":"ValueEntry","value":"{\"_name\":\"BUILTIN_TASK_ENV\",\"_value\":\"\",\"_valueType\":\"string\"}"}],"_successful":true,"_projectName":"PokePomodoro","_moduleName":"entry","_taskName":"default@PreviewProcessResource","_key":":PokePomodoro:entry:default@PreviewProcessResource","_executionId":":PokePomodoro:entry:default@PreviewProcessResource:1702689992654","_inputFiles":{"dataType":"Map","value":[]},"_outputFiles":{"dataType":"Map","value":[["{\"commandList\":[\"C:\\\\Users\\\\26387\\\\AppData\\\\Local\\\\Huawei\\\\Sdk\\\\openharmony\\\\9\\\\toolchains\\\\restool.exe\",\"-m\",\"entry\",\"-f\",\"-j\",\"C:\\\\Users\\\\26387\\\\DevEcoStudioProjects\\\\PokePomodoro\\\\entry\\\\.preview\\\\default\\\\intermediates\\\\process_profile\\\\default\\\\module.json\",\"-p\",\"top.handwer.homeworktasklist\",\"-o\",\"C:\\\\Users\\\\26387\\\\DevEcoStudioProjects\\\\PokePomodoro\\\\entry\\\\.preview\\\\default\\\\intermediates\\\\res\\\\default\",\"-r\",\"C:\\\\Users\\\\26387\\\\DevEcoStudioProjects\\\\PokePomodoro\\\\entry\\\\.preview\\\\default\\\\generated\\\\r\\\\default\\\\ResourceTable.h\"],\"inputFiles\":{\"_group\":{}},\"outputFiles\":{\"_group\":{}},\"existsResourceDir\":true,\"restoolLinkParamObj\":{\"appScopeResources\":\"C:\\\\Users\\\\26387\\\\DevEcoStudioProjects\\\\PokePomodoro\\\\AppScope\\\\resources\",\"moduleResourcesMap\":{},\"harResourcesMap\":{},\"outputPath\":\"C:\\\\Users\\\\26387\\\\DevEcoStudioProjects\\\\PokePomodoro\\\\entry\\\\.preview\\\\default\\\\intermediates\\\\res\\\\default\",\"linkCommand\":[\"C:\\\\Users\\\\26387\\\\AppData\\\\Local\\\\Huawei\\\\Sdk\\\\openharmony\\\\9\\\\toolchains\\\\restool.exe\",\"-m\",\"entry\",\"-f\",\"-j\",\"C:\\\\Users\\\\26387\\\\DevEcoStudioProjects\\\\PokePomodoro\\\\entry\\\\.preview\\\\default\\\\intermediates\\\\process_profile\\\\default\\\\module.json\",\"-p\",\"top.handwer.homeworktasklist\",\"-r\",\"C:\\\\Users\\\\26387\\\\DevEcoStudioProjects\\\\PokePomodoro\\\\entry\\\\.preview\\\\default\\\\generated\\\\r\\\\default\\\\ResourceTable.h\",\"-z\"]}}",{"isDirectory":false,"fileSnapShotHashValue":""}]]}},":PokePomodoro:entry:default@PreviewCompileResource":{"_inputs":[{"dataType":"ValueEntry","value":"{\"_name\":\"PREVIEWER_REPLACE_PAGE\",\"_value\":\"\\\"components/IndexTabPages/Pomodoro\\\"\",\"_valueType\":\"string\"}"},{"dataType":"ValueEntry","value":"{\"_name\":\"PREVIEWER_REPLACE_SRCPATH\",\"_valueType\":\"undefined\"}"},{"dataType":"ValueEntry","value":"{\"_name\":\"TARGET_CONFIG\",\"_value\":\"{\\\"name\\\":\\\"default\\\",\\\"runtimeOS\\\":\\\"HarmonyOS\\\"}\",\"_valueType\":\"string\"}"},{"dataType":"ValueEntry","value":"{\"_name\":\"BUILTIN_TASK_COMMAND\",\"_value\":\"\",\"_valueType\":\"string\"}"},{"dataType":"ValueEntry","value":"{\"_name\":\"BUILTIN_TASK_TOOLCHAIN\",\"_value\":\"C:\\\\Users\\\\26387\\\\AppData\\\\Local\\\\Huawei\\\\Sdk\\\\openharmony\\\\9\\\\toolchains\\\\restool.exe\",\"_valueType\":\"string\"}"},{"dataType":"ValueEntry","value":"{\"_name\":\"BUILTIN_TASK_ENV\",\"_value\":\"\",\"_valueType\":\"string\"}"}],"_successful":true,"_projectName":"PokePomodoro","_moduleName":"entry","_taskName":"default@PreviewCompileResource","_key":":PokePomodoro:entry:default@PreviewCompileResource","_executionId":":PokePomodoro:entry:default@PreviewCompileResource:1702689992658","_inputFiles":{"dataType":"Map","value":[["C:\\Users\\26387\\DevEcoStudioProjects\\PokePomodoro\\entry\\src\\main\\resources",{"fileSnapShotHashValue":"687e584a756a80901ca229bd077ce98a"}],["C:\\Users\\26387\\DevEcoStudioProjects\\PokePomodoro\\AppScope\\resources",{"fileSnapShotHashValue":"4c4c4e251f0ff1486d8f706933de48f8"}],["C:\\Users\\26387\\DevEcoStudioProjects\\PokePomodoro\\entry\\.preview\\default\\intermediates\\process_profile\\default\\module.json",{"isDirectory":false,"fileSnapShotHashValue":"136545437db3b2a789f791c920947712"}]]},"_outputFiles":{"dataType":"Map","value":[["C:\\Users\\26387\\DevEcoStudioProjects\\PokePomodoro\\entry\\.preview\\default\\intermediates\\res\\default",{"isDirectory":true,"fileSnapShotHashValue":"11d0dd0151dc5e5f66f19443119f2b3c"}],["C:\\Users\\26387\\DevEcoStudioProjects\\PokePomodoro\\entry\\.preview\\default\\generated\\r\\default\\ResourceTable.h",{"isDirectory":false,"fileSnapShotHashValue":"e9fd295728a24318aed7b2cb30df087d"}],["C:\\Users\\26387\\DevEcoStudioProjects\\PokePomodoro\\entry\\.preview\\default\\generated\\r\\default",{"isDirectory":true,"fileSnapShotHashValue":"bba380b38c3657a304add9002a2abf32"}]]}},":PokePomodoro:entry:default@PreviewUpdateAssets":{"_inputs":[{"dataType":"ValueEntry","value":"{\"_name\":\"BUILTIN_TASK_COMMAND\",\"_value\":\"\",\"_valueType\":\"string\"}"},{"dataType":"ValueEntry","value":"{\"_name\":\"BUILTIN_TASK_TOOLCHAIN\",\"_value\":\"\",\"_valueType\":\"string\"}"},{"dataType":"ValueEntry","value":"{\"_name\":\"BUILTIN_TASK_ENV\",\"_value\":\"\",\"_valueType\":\"string\"}"}],"_successful":true,"_projectName":"PokePomodoro","_moduleName":"entry","_taskName":"default@PreviewUpdateAssets","_key":":PokePomodoro:entry:default@PreviewUpdateAssets","_executionId":":PokePomodoro:entry:default@PreviewUpdateAssets:1702689992953","_inputFiles":{"dataType":"Map","value":[["C:\\Users\\26387\\DevEcoStudioProjects\\PokePomodoro\\entry\\.preview\\config\\buildConfig.json",{"isDirectory":false,"fileSnapShotHashValue":"eadc35e7bf7c9900ee60051e47d7764b"}]]},"_outputFiles":{"dataType":"Map","value":[["C:\\Users\\26387\\DevEcoStudioProjects\\PokePomodoro\\entry\\.preview\\default\\intermediates\\res\\default\\module.json",{"isDirectory":false,"fileSnapShotHashValue":"d61cef295120dc311bf536371a85708a"}],["C:\\Users\\26387\\DevEcoStudioProjects\\PokePomodoro\\entry\\.preview\\default\\intermediates\\res\\default\\resources\\base\\profile\\main_pages.json",{"isDirectory":false,"fileSnapShotHashValue":"d91388f2491f6022efb31847929cf29b"}]]}},":PokePomodoro:entry:default@PreviewArkTS":{"_inputs":[{"dataType":"ValueEntry","value":"{\"_name\":\"debuggable\",\"_value\":true,\"_valueType\":\"boolean\"}"},{"dataType":"ValueEntry","value":"{\"_name\":\"isArk\",\"_value\":true,\"_valueType\":\"boolean\"}"},{"dataType":"ValueEntry","value":"{\"_name\":\"needCoverageInsert\",\"_value\":false,\"_valueType\":\"boolean\"}"},{"dataType":"ValueEntry","value":"{\"_name\":\"arkTsWdiget\",\"_value\":false,\"_valueType\":\"boolean\"}"},{"dataType":"ValueEntry","value":"{\"_name\":\"BUILTIN_TASK_COMMAND\",\"_value\":\"\",\"_valueType\":\"string\"}"},{"dataType":"ValueEntry","value":"{\"_name\":\"BUILTIN_TASK_TOOLCHAIN\",\"_value\":\"\",\"_valueType\":\"string\"}"},{"dataType":"ValueEntry","value":"{\"_name\":\"BUILTIN_TASK_ENV\",\"_value\":\"\",\"_valueType\":\"string\"}"}],"_successful":true,"_projectName":"PokePomodoro","_moduleName":"entry","_taskName":"default@PreviewArkTS","_key":":PokePomodoro:entry:default@PreviewArkTS","_executionId":":PokePomodoro:entry:default@PreviewArkTS:1702689992956","_inputFiles":{"dataType":"Map","value":[["C:\\Users\\26387\\DevEcoStudioProjects\\PokePomodoro\\entry\\.preview\\default\\intermediates\\loader\\default",{"isDirectory":true,"fileSnapShotHashValue":"866988dfb5549ba3939f5a8b9a4e2186"}],["C:\\Users\\26387\\DevEcoStudioProjects\\PokePomodoro\\entry\\.preview\\default\\intermediates\\res\\default\\ResourceTable.txt",{"fileSnapShotHashValue":"a5938aa6447acc0b440336df0a3ce812"}],["C:\\Users\\26387\\DevEcoStudioProjects\\PokePomodoro\\entry\\.preview\\default\\intermediates\\res\\default\\module.json",{"fileSnapShotHashValue":"d61cef295120dc311bf536371a85708a"}],["C:\\Users\\26387\\DevEcoStudioProjects\\PokePomodoro\\entry\\.preview\\default\\intermediates\\res\\default\\resources\\base\\profile",{"isDirectory":true,"fileSnapShotHashValue":"2541382262be83d193e14e11aceae45f"}],["C:\\Users\\26387\\DevEcoStudioProjects\\PokePomodoro\\entry\\src\\main\\ets",{"isDirectory":true,"fileSnapShotHashValue":"c98a0a5a71f06fc7b3bc686717607845"}]]},"_outputFiles":{"dataType":"Map","value":[["C:\\Users\\26387\\DevEcoStudioProjects\\PokePomodoro\\entry\\.preview\\default\\intermediates\\loader_out\\default\\ets",{"isDirectory":true,"fileSnapShotHashValue":""}]]}}}