{"deviceType":"phone,tablet","localPropertiesPath":"C:\\Users\\26387\\DevEcoStudioProjects\\PokePomodoro\\local.properties","Path":"C:\\Users\\26387\\nodejs\\","note":"false","aceProfilePath":"C:\\Users\\26387\\DevEcoStudioProjects\\PokePomodoro\\entry\\.preview\\default\\intermediates\\res\\default\\resources\\base\\profile","isPreview":"true","hapMode":"false","buildMode":"debug","img2bin":"true","projectProfilePath":"C:\\Users\\26387\\DevEcoStudioProjects\\PokePomodoro\\build-profile.json5","watchMode":"true","appResource":"C:\\Users\\26387\\DevEcoStudioProjects\\PokePomodoro\\entry\\.preview\\default\\intermediates\\res\\default\\ResourceTable.txt","logLevel":"3","stageRouterConfig":{"contents":["{\"module\":{\"pages\":\"$profile:main_pages\",\"name\":\"entry\"}}","{\"src\":[\"components/IndexTabPages/Pomodoro\"]}"],"paths":["C:\\Users\\26387\\DevEcoStudioProjects\\PokePomodoro\\entry\\.preview\\default\\intermediates\\res\\default\\module.json","C:\\Users\\26387\\DevEcoStudioProjects\\PokePomodoro\\entry\\.preview\\default\\intermediates\\res\\default\\resources\\base\\profile\\main_pages.json"]},"port":"29903","aceBuildJson":"C:\\Users\\26387\\DevEcoStudioProjects\\PokePomodoro\\entry\\.preview\\default\\intermediates\\loader\\default\\loader.json","aceModuleRoot":"C:\\Users\\26387\\DevEcoStudioProjects\\PokePomodoro\\entry\\src\\main\\ets","aceSoPath":"C:\\Users\\26387\\DevEcoStudioProjects\\PokePomodoro\\entry\\.preview\\cache\\nativeDependencies.txt","cachePath":"C:\\Users\\26387\\DevEcoStudioProjects\\PokePomodoro\\entry\\.preview\\cache","aceModuleBuild":"C:\\Users\\26387\\DevEcoStudioProjects\\PokePomodoro\\entry\\.preview\\default\\intermediates\\assets\\default\\ets","aceSuperVisualPath":"C:\\Users\\26387\\DevEcoStudioProjects\\PokePomodoro\\entry\\src\\main\\supervisual","aceModuleJsonPath":"C:\\Users\\26387\\DevEcoStudioProjects\\PokePomodoro\\entry\\.preview\\default\\intermediates\\res\\default\\module.json"}