{
  "string": [
    {
      "name": "module_desc",
      "value": "module description"
    },
    {
      "name": "EntryAbility_desc",
      "value": "description"
    },
    {
      "name": "EntryAbility_label",
      "value": "作业清单"
    },
    {
      "name": "title",
      "value": "Task List"
    },
    {
      "name": "tabbot_tasks",
      "value": "Tasks"
    },
    {
      "name": "AddItemDetail_hint_task_name",
      "value": "Task Name"
    },
    {
      "name": "TabBottom_Settings",
      "value": "Settings"
    },
    {
      "name": "tab_title_ddl_state",
      "value": "Due Date"
    },
    {
      "name": "tab_title_pomodoro",
      "value": "Pomodoro"
    }
  ]
}