{
  "version": "1.0",
  "workerIdList": [
    -1,
    2,
    0,
    1
  ],
  "metrics": [
    {
      "type": "build_line",
      "endTime": 1703219309460,
      "status": "closed",
      "children": [],
      "name": "overallTime",
      "taskName": "init",
      "taskPath": "entry",
      "workerId": -1,
      "startTime": 1703219309459
    },
    {
      "type": "build_line",
      "endTime": 1703219309468,
      "status": "closed",
      "children": [],
      "name": "overallTime",
      "taskName": "init",
      "taskPath": "PokePomodoro",
      "workerId": -1,
      "startTime": 1703219309468
    },
    {
      "type": "build_line",
      "endTime": 1703219512942,
      "status": "closed",
      "children": [],
      "name": "overallTime",
      "taskName": "default@PreBuild",
      "taskPath": "entry",
      "workerId": -1,
      "startTime": 1703219512940
    },
    {
      "type": "build_line",
      "endTime": 1703219512945,
      "status": "closed",
      "children": [],
      "name": "overallTime",
      "taskName": "default@GenerateMetadata",
      "taskPath": "entry",
      "workerId": -1,
      "startTime": 1703219512943
    },
    {
      "type": "build_line",
      "endTime": 1703219512951,
      "status": "closed",
      "children": [],
      "name": "overallTime",
      "taskName": "default@MergeProfile",
      "taskPath": "entry",
      "workerId": -1,
      "startTime": 1703219512950
    },
    {
      "type": "build_line",
      "endTime": 1703219512953,
      "status": "closed",
      "children": [],
      "name": "overallTime",
      "taskName": "default@BuildNativeWithCmake",
      "taskPath": "entry",
      "workerId": -1,
      "startTime": 1703219512953
    },
    {
      "type": "build_line",
      "endTime": 1703219512956,
      "status": "closed",
      "children": [],
      "name": "overallTime",
      "taskName": "default@GenerateLoaderJson",
      "taskPath": "entry",
      "workerId": -1,
      "startTime": 1703219512955
    },
    {
      "type": "build_line",
      "endTime": 1703219512960,
      "status": "closed",
      "children": [],
      "name": "overallTime",
      "taskName": "default@MakePackInfo",
      "taskPath": "entry",
      "workerId": -1,
      "startTime": 1703219512957
    },
    {
      "type": "build_line",
      "endTime": 1703219512962,
      "status": "closed",
      "children": [],
      "name": "overallTime",
      "taskName": "default@ProcessProfile",
      "taskPath": "entry",
      "workerId": -1,
      "startTime": 1703219512961
    },
    {
      "type": "build_line",
      "endTime": 1703219512962,
      "status": "closed",
      "children": [],
      "name": "overallTime",
      "taskName": "default@BuildNativeWithNinja",
      "taskPath": "entry",
      "workerId": -1,
      "startTime": 1703219512962
    },
    {
      "type": "build_line",
      "endTime": 1703219512964,
      "status": "closed",
      "children": [],
      "name": "overallTime",
      "taskName": "default@ProcessResource",
      "taskPath": "entry",
      "workerId": -1,
      "startTime": 1703219512963
    },
    {
      "type": "build_line",
      "endTime": 1703219512965,
      "status": "closed",
      "children": [],
      "name": "overallTime",
      "taskName": "default@ProcessLibs",
      "taskPath": "entry",
      "workerId": -1,
      "startTime": 1703219512965
    },
    {
      "type": "build_line",
      "endTime": 1703219512999,
      "status": "closed",
      "children": [],
      "name": "overallTime",
      "taskName": "default@CompileResource",
      "taskPath": "entry",
      "workerId": -1,
      "startTime": 1703219512966
    },
    {
      "type": "build_line",
      "endTime": 1703219513015,
      "status": "closed",
      "children": [],
      "name": "overallTime",
      "taskName": "default@CompileJS",
      "taskPath": "entry",
      "workerId": -1,
      "startTime": 1703219513013
    },
    {
      "type": "build_line",
      "endTime": 1703219515702,
      "status": "closed",
      "children": [],
      "name": "overallTime",
      "taskName": "default@CompileArkTS",
      "taskPath": "entry",
      "workerId": 2,
      "startTime": 1703219513013
    },
    {
      "type": "default",
      "endTime": 1703219515702,
      "status": "closed",
      "children": [
        {
          "type": "build_line",
          "endTime": 1703219515702,
          "status": "closed",
          "children": [],
          "name": "overallTime",
          "taskName": "default@CompileArkTS",
          "taskPath": "entry",
          "workerId": 2,
          "startTime": 1703219513013
        }
      ],
      "name": "overallTime",
      "taskName": "default@CompileArkTS",
      "taskPath": "entry",
      "workerId": -1,
      "startTime": 1703219513000
    },
    {
      "type": "build_line",
      "endTime": 1703219516641,
      "status": "closed",
      "children": [],
      "name": "overallTime",
      "taskName": "default@PackageHap",
      "taskPath": "entry",
      "workerId": 0,
      "startTime": 1703219515717
    },
    {
      "type": "default",
      "endTime": 1703219516641,
      "status": "closed",
      "children": [
        {
          "type": "build_line",
          "endTime": 1703219516641,
          "status": "closed",
          "children": [],
          "name": "overallTime",
          "taskName": "default@PackageHap",
          "taskPath": "entry",
          "workerId": 0,
          "startTime": 1703219515717
        }
      ],
      "name": "overallTime",
      "taskName": "default@PackageHap",
      "taskPath": "entry",
      "workerId": -1,
      "startTime": 1703219515704
    },
    {
      "type": "build_line",
      "endTime": 1703219519101,
      "status": "closed",
      "children": [],
      "name": "overallTime",
      "taskName": "default@SignHap",
      "taskPath": "entry",
      "workerId": -1,
      "startTime": 1703219516642
    },
    {
      "type": "build_line",
      "endTime": 1703219519101,
      "status": "closed",
      "children": [],
      "name": "overallTime",
      "taskName": "assembleHap",
      "taskPath": "entry",
      "workerId": -1,
      "startTime": 1703219519101
    },
    {
      "type": "build_line",
      "endTime": 1703220020752,
      "status": "closed",
      "children": [],
      "name": "overallTime",
      "taskName": "default@PreBuild",
      "taskPath": "entry",
      "workerId": -1,
      "startTime": 1703220020751
    },
    {
      "type": "build_line",
      "endTime": 1703220020755,
      "status": "closed",
      "children": [],
      "name": "overallTime",
      "taskName": "default@GenerateMetadata",
      "taskPath": "entry",
      "workerId": -1,
      "startTime": 1703220020753
    },
    {
      "type": "build_line",
      "endTime": 1703220020758,
      "status": "closed",
      "children": [],
      "name": "overallTime",
      "taskName": "default@MergeProfile",
      "taskPath": "entry",
      "workerId": -1,
      "startTime": 1703220020757
    },
    {
      "type": "build_line",
      "endTime": 1703220020759,
      "status": "closed",
      "children": [],
      "name": "overallTime",
      "taskName": "default@BuildNativeWithCmake",
      "taskPath": "entry",
      "workerId": -1,
      "startTime": 1703220020759
    },
    {
      "type": "build_line",
      "endTime": 1703220020761,
      "status": "closed",
      "children": [],
      "name": "overallTime",
      "taskName": "default@GenerateLoaderJson",
      "taskPath": "entry",
      "workerId": -1,
      "startTime": 1703220020761
    },
    {
      "type": "build_line",
      "endTime": 1703220020763,
      "status": "closed",
      "children": [],
      "name": "overallTime",
      "taskName": "default@MakePackInfo",
      "taskPath": "entry",
      "workerId": -1,
      "startTime": 1703220020761
    },
    {
      "type": "build_line",
      "endTime": 1703220020764,
      "status": "closed",
      "children": [],
      "name": "overallTime",
      "taskName": "default@ProcessProfile",
      "taskPath": "entry",
      "workerId": -1,
      "startTime": 1703220020764
    },
    {
      "type": "build_line",
      "endTime": 1703220020765,
      "status": "closed",
      "children": [],
      "name": "overallTime",
      "taskName": "default@BuildNativeWithNinja",
      "taskPath": "entry",
      "workerId": -1,
      "startTime": 1703220020765
    },
    {
      "type": "build_line",
      "endTime": 1703220020783,
      "status": "closed",
      "children": [],
      "name": "overallTime",
      "taskName": "default@ProcessResource",
      "taskPath": "entry",
      "workerId": -1,
      "startTime": 1703220020780
    },
    {
      "type": "build_line",
      "endTime": 1703220020783,
      "status": "closed",
      "children": [],
      "name": "overallTime",
      "taskName": "default@ProcessLibs",
      "taskPath": "entry",
      "workerId": -1,
      "startTime": 1703220020783
    },
    {
      "type": "build_line",
      "endTime": 1703220020906,
      "status": "closed",
      "children": [],
      "name": "overallTime",
      "taskName": "default@CompileResource",
      "taskPath": "entry",
      "workerId": -1,
      "startTime": 1703220020784
    },
    {
      "type": "build_line",
      "endTime": 1703220020913,
      "status": "closed",
      "children": [],
      "name": "overallTime",
      "taskName": "default@CompileJS",
      "taskPath": "entry",
      "workerId": -1,
      "startTime": 1703220020911
    },
    {
      "type": "build_line",
      "endTime": 1703220023291,
      "status": "closed",
      "children": [],
      "name": "overallTime",
      "taskName": "default@CompileArkTS",
      "taskPath": "entry",
      "workerId": 2,
      "startTime": 1703220020911
    },
    {
      "type": "default",
      "endTime": 1703220023291,
      "status": "closed",
      "children": [
        {
          "type": "build_line",
          "endTime": 1703220023291,
          "status": "closed",
          "children": [],
          "name": "overallTime",
          "taskName": "default@CompileArkTS",
          "taskPath": "entry",
          "workerId": 2,
          "startTime": 1703220020911
        }
      ],
      "name": "overallTime",
      "taskName": "default@CompileArkTS",
      "taskPath": "entry",
      "workerId": -1,
      "startTime": 1703220020907
    },
    {
      "type": "build_line",
      "endTime": 1703220023599,
      "status": "closed",
      "children": [],
      "name": "overallTime",
      "taskName": "default@PackageHap",
      "taskPath": "entry",
      "workerId": 0,
      "startTime": 1703220023295
    },
    {
      "type": "default",
      "endTime": 1703220023599,
      "status": "closed",
      "children": [
        {
          "type": "build_line",
          "endTime": 1703220023599,
          "status": "closed",
          "children": [],
          "name": "overallTime",
          "taskName": "default@PackageHap",
          "taskPath": "entry",
          "workerId": 0,
          "startTime": 1703220023295
        }
      ],
      "name": "overallTime",
      "taskName": "default@PackageHap",
      "taskPath": "entry",
      "workerId": -1,
      "startTime": 1703220023293
    },
    {
      "type": "build_line",
      "endTime": 1703220025829,
      "status": "closed",
      "children": [],
      "name": "overallTime",
      "taskName": "default@SignHap",
      "taskPath": "entry",
      "workerId": -1,
      "startTime": 1703220023606
    },
    {
      "type": "build_line",
      "endTime": 1703220025829,
      "status": "closed",
      "children": [],
      "name": "overallTime",
      "taskName": "assembleHap",
      "taskPath": "entry",
      "workerId": -1,
      "startTime": 1703220025829
    },
    {
      "type": "build_line",
      "endTime": 1703220083090,
      "status": "closed",
      "children": [],
      "name": "overallTime",
      "taskName": "default@PreBuild",
      "taskPath": "entry",
      "workerId": -1,
      "startTime": 1703220083089
    },
    {
      "type": "build_line",
      "endTime": 1703220083093,
      "status": "closed",
      "children": [],
      "name": "overallTime",
      "taskName": "default@GenerateMetadata",
      "taskPath": "entry",
      "workerId": -1,
      "startTime": 1703220083091
    },
    {
      "type": "build_line",
      "endTime": 1703220083096,
      "status": "closed",
      "children": [],
      "name": "overallTime",
      "taskName": "default@MergeProfile",
      "taskPath": "entry",
      "workerId": -1,
      "startTime": 1703220083095
    },
    {
      "type": "build_line",
      "endTime": 1703220083097,
      "status": "closed",
      "children": [],
      "name": "overallTime",
      "taskName": "default@BuildNativeWithCmake",
      "taskPath": "entry",
      "workerId": -1,
      "startTime": 1703220083097
    },
    {
      "type": "build_line",
      "endTime": 1703220083098,
      "status": "closed",
      "children": [],
      "name": "overallTime",
      "taskName": "default@GenerateLoaderJson",
      "taskPath": "entry",
      "workerId": -1,
      "startTime": 1703220083097
    },
    {
      "type": "build_line",
      "endTime": 1703220083102,
      "status": "closed",
      "children": [],
      "name": "overallTime",
      "taskName": "default@MakePackInfo",
      "taskPath": "entry",
      "workerId": -1,
      "startTime": 1703220083100
    },
    {
      "type": "build_line",
      "endTime": 1703220083104,
      "status": "closed",
      "children": [],
      "name": "overallTime",
      "taskName": "default@ProcessProfile",
      "taskPath": "entry",
      "workerId": -1,
      "startTime": 1703220083103
    },
    {
      "type": "build_line",
      "endTime": 1703220083104,
      "status": "closed",
      "children": [],
      "name": "overallTime",
      "taskName": "default@BuildNativeWithNinja",
      "taskPath": "entry",
      "workerId": -1,
      "startTime": 1703220083104
    },
    {
      "type": "build_line",
      "endTime": 1703220083117,
      "status": "closed",
      "children": [],
      "name": "overallTime",
      "taskName": "default@ProcessResource",
      "taskPath": "entry",
      "workerId": -1,
      "startTime": 1703220083116
    },
    {
      "type": "build_line",
      "endTime": 1703220083117,
      "status": "closed",
      "children": [],
      "name": "overallTime",
      "taskName": "default@ProcessLibs",
      "taskPath": "entry",
      "workerId": -1,
      "startTime": 1703220083117
    },
    {
      "type": "build_line",
      "endTime": 1703220083127,
      "status": "closed",
      "children": [],
      "name": "overallTime",
      "taskName": "default@CompileResource",
      "taskPath": "entry",
      "workerId": -1,
      "startTime": 1703220083118
    },
    {
      "type": "build_line",
      "endTime": 1703220083133,
      "status": "closed",
      "children": [],
      "name": "overallTime",
      "taskName": "default@CompileArkTS",
      "taskPath": "entry",
      "workerId": -1,
      "startTime": 1703220083128
    },
    {
      "type": "build_line",
      "endTime": 1703220083135,
      "status": "closed",
      "children": [],
      "name": "overallTime",
      "taskName": "default@CompileJS",
      "taskPath": "entry",
      "workerId": -1,
      "startTime": 1703220083133
    },
    {
      "type": "build_line",
      "endTime": 1703220083140,
      "status": "closed",
      "children": [],
      "name": "overallTime",
      "taskName": "default@PackageHap",
      "taskPath": "entry",
      "workerId": -1,
      "startTime": 1703220083135
    },
    {
      "type": "build_line",
      "endTime": 1703220083142,
      "status": "closed",
      "children": [],
      "name": "overallTime",
      "taskName": "default@SignHap",
      "taskPath": "entry",
      "workerId": -1,
      "startTime": 1703220083141
    },
    {
      "type": "build_line",
      "endTime": 1703220083142,
      "status": "closed",
      "children": [],
      "name": "overallTime",
      "taskName": "assembleHap",
      "taskPath": "entry",
      "workerId": -1,
      "startTime": 1703220083142
    },
    {
      "type": "build_line",
      "endTime": 1703220278288,
      "status": "closed",
      "children": [],
      "name": "overallTime",
      "taskName": "default@PreBuild",
      "taskPath": "entry",
      "workerId": -1,
      "startTime": 1703220278288
    },
    {
      "type": "build_line",
      "endTime": 1703220278291,
      "status": "closed",
      "children": [],
      "name": "overallTime",
      "taskName": "default@GenerateMetadata",
      "taskPath": "entry",
      "workerId": -1,
      "startTime": 1703220278290
    },
    {
      "type": "build_line",
      "endTime": 1703220278295,
      "status": "closed",
      "children": [],
      "name": "overallTime",
      "taskName": "default@MergeProfile",
      "taskPath": "entry",
      "workerId": -1,
      "startTime": 1703220278294
    },
    {
      "type": "build_line",
      "endTime": 1703220278296,
      "status": "closed",
      "children": [],
      "name": "overallTime",
      "taskName": "default@BuildNativeWithCmake",
      "taskPath": "entry",
      "workerId": -1,
      "startTime": 1703220278296
    },
    {
      "type": "build_line",
      "endTime": 1703220278297,
      "status": "closed",
      "children": [],
      "name": "overallTime",
      "taskName": "default@GenerateLoaderJson",
      "taskPath": "entry",
      "workerId": -1,
      "startTime": 1703220278297
    },
    {
      "type": "build_line",
      "endTime": 1703220278299,
      "status": "closed",
      "children": [],
      "name": "overallTime",
      "taskName": "default@MakePackInfo",
      "taskPath": "entry",
      "workerId": -1,
      "startTime": 1703220278297
    },
    {
      "type": "build_line",
      "endTime": 1703220278300,
      "status": "closed",
      "children": [],
      "name": "overallTime",
      "taskName": "default@ProcessProfile",
      "taskPath": "entry",
      "workerId": -1,
      "startTime": 1703220278300
    },
    {
      "type": "build_line",
      "endTime": 1703220278301,
      "status": "closed",
      "children": [],
      "name": "overallTime",
      "taskName": "default@BuildNativeWithNinja",
      "taskPath": "entry",
      "workerId": -1,
      "startTime": 1703220278300
    },
    {
      "type": "build_line",
      "endTime": 1703220278315,
      "status": "closed",
      "children": [],
      "name": "overallTime",
      "taskName": "default@ProcessResource",
      "taskPath": "entry",
      "workerId": -1,
      "startTime": 1703220278314
    },
    {
      "type": "build_line",
      "endTime": 1703220278316,
      "status": "closed",
      "children": [],
      "name": "overallTime",
      "taskName": "default@ProcessLibs",
      "taskPath": "entry",
      "workerId": -1,
      "startTime": 1703220278315
    },
    {
      "type": "build_line",
      "endTime": 1703220278463,
      "status": "closed",
      "children": [],
      "name": "overallTime",
      "taskName": "default@CompileResource",
      "taskPath": "entry",
      "workerId": -1,
      "startTime": 1703220278330
    },
    {
      "type": "build_line",
      "endTime": 1703220278470,
      "status": "closed",
      "children": [],
      "name": "overallTime",
      "taskName": "default@CompileJS",
      "taskPath": "entry",
      "workerId": -1,
      "startTime": 1703220278468
    },
    {
      "type": "build_line",
      "endTime": 1703220280401,
      "status": "closed",
      "children": [],
      "name": "overallTime",
      "taskName": "default@CompileArkTS",
      "taskPath": "entry",
      "workerId": 1,
      "startTime": 1703220278468
    },
    {
      "type": "default",
      "endTime": 1703220280402,
      "status": "closed",
      "children": [
        {
          "type": "build_line",
          "endTime": 1703220280401,
          "status": "closed",
          "children": [],
          "name": "overallTime",
          "taskName": "default@CompileArkTS",
          "taskPath": "entry",
          "workerId": 1,
          "startTime": 1703220278468
        }
      ],
      "name": "overallTime",
      "taskName": "default@CompileArkTS",
      "taskPath": "entry",
      "workerId": -1,
      "startTime": 1703220278464
    },
    {
      "type": "build_line",
      "endTime": 1703220280679,
      "status": "closed",
      "children": [],
      "name": "overallTime",
      "taskName": "default@PackageHap",
      "taskPath": "entry",
      "workerId": 0,
      "startTime": 1703220280405
    },
    {
      "type": "default",
      "endTime": 1703220280679,
      "status": "closed",
      "children": [
        {
          "type": "build_line",
          "endTime": 1703220280679,
          "status": "closed",
          "children": [],
          "name": "overallTime",
          "taskName": "default@PackageHap",
          "taskPath": "entry",
          "workerId": 0,
          "startTime": 1703220280405
        }
      ],
      "name": "overallTime",
      "taskName": "default@PackageHap",
      "taskPath": "entry",
      "workerId": -1,
      "startTime": 1703220280402
    },
    {
      "type": "build_line",
      "endTime": 1703220282845,
      "status": "closed",
      "children": [],
      "name": "overallTime",
      "taskName": "default@SignHap",
      "taskPath": "entry",
      "workerId": -1,
      "startTime": 1703220280685
    },
    {
      "type": "build_line",
      "endTime": 1703220282846,
      "status": "closed",
      "children": [],
      "name": "overallTime",
      "taskName": "assembleHap",
      "taskPath": "entry",
      "workerId": -1,
      "startTime": 1703220282846
    },
    {
      "type": "build_line",
      "endTime": 1703220386547,
      "status": "closed",
      "children": [],
      "name": "overallTime",
      "taskName": "default@PreBuild",
      "taskPath": "entry",
      "workerId": -1,
      "startTime": 1703220386546
    },
    {
      "type": "build_line",
      "endTime": 1703220386551,
      "status": "closed",
      "children": [],
      "name": "overallTime",
      "taskName": "default@GenerateMetadata",
      "taskPath": "entry",
      "workerId": -1,
      "startTime": 1703220386548
    },
    {
      "type": "build_line",
      "endTime": 1703220386554,
      "status": "closed",
      "children": [],
      "name": "overallTime",
      "taskName": "default@MergeProfile",
      "taskPath": "entry",
      "workerId": -1,
      "startTime": 1703220386553
    },
    {
      "type": "build_line",
      "endTime": 1703220386556,
      "status": "closed",
      "children": [],
      "name": "overallTime",
      "taskName": "default@BuildNativeWithCmake",
      "taskPath": "entry",
      "workerId": -1,
      "startTime": 1703220386556
    },
    {
      "type": "build_line",
      "endTime": 1703220386557,
      "status": "closed",
      "children": [],
      "name": "overallTime",
      "taskName": "default@GenerateLoaderJson",
      "taskPath": "entry",
      "workerId": -1,
      "startTime": 1703220386557
    },
    {
      "type": "build_line",
      "endTime": 1703220386560,
      "status": "closed",
      "children": [],
      "name": "overallTime",
      "taskName": "default@MakePackInfo",
      "taskPath": "entry",
      "workerId": -1,
      "startTime": 1703220386557
    },
    {
      "type": "build_line",
      "endTime": 1703220386561,
      "status": "closed",
      "children": [],
      "name": "overallTime",
      "taskName": "default@ProcessProfile",
      "taskPath": "entry",
      "workerId": -1,
      "startTime": 1703220386560
    },
    {
      "type": "build_line",
      "endTime": 1703220386563,
      "status": "closed",
      "children": [],
      "name": "overallTime",
      "taskName": "default@BuildNativeWithNinja",
      "taskPath": "entry",
      "workerId": -1,
      "startTime": 1703220386563
    },
    {
      "type": "build_line",
      "endTime": 1703220386565,
      "status": "closed",
      "children": [],
      "name": "overallTime",
      "taskName": "default@ProcessResource",
      "taskPath": "entry",
      "workerId": -1,
      "startTime": 1703220386564
    },
    {
      "type": "build_line",
      "endTime": 1703220386565,
      "status": "closed",
      "children": [],
      "name": "overallTime",
      "taskName": "default@ProcessLibs",
      "taskPath": "entry",
      "workerId": -1,
      "startTime": 1703220386565
    },
    {
      "type": "build_line",
      "endTime": 1703220386677,
      "status": "closed",
      "children": [],
      "name": "overallTime",
      "taskName": "default@CompileResource",
      "taskPath": "entry",
      "workerId": -1,
      "startTime": 1703220386565
    },
    {
      "type": "build_line",
      "endTime": 1703220386690,
      "status": "closed",
      "children": [],
      "name": "overallTime",
      "taskName": "default@CompileJS",
      "taskPath": "entry",
      "workerId": -1,
      "startTime": 1703220386688
    },
    {
      "type": "build_line",
      "endTime": 1703220390487,
      "status": "closed",
      "children": [],
      "name": "overallTime",
      "taskName": "default@CompileArkTS",
      "taskPath": "entry",
      "workerId": 1,
      "startTime": 1703220386681
    },
    {
      "type": "default",
      "endTime": 1703220390487,
      "status": "closed",
      "children": [
        {
          "type": "build_line",
          "endTime": 1703220390487,
          "status": "closed",
          "children": [],
          "name": "overallTime",
          "taskName": "default@CompileArkTS",
          "taskPath": "entry",
          "workerId": 1,
          "startTime": 1703220386681
        }
      ],
      "name": "overallTime",
      "taskName": "default@CompileArkTS",
      "taskPath": "entry",
      "workerId": -1,
      "startTime": 1703220386678
    },
    {
      "type": "build_line",
      "endTime": 1703220390772,
      "status": "closed",
      "children": [],
      "name": "overallTime",
      "taskName": "default@PackageHap",
      "taskPath": "entry",
      "workerId": 0,
      "startTime": 1703220390490
    },
    {
      "type": "default",
      "endTime": 1703220390772,
      "status": "closed",
      "children": [
        {
          "type": "build_line",
          "endTime": 1703220390772,
          "status": "closed",
          "children": [],
          "name": "overallTime",
          "taskName": "default@PackageHap",
          "taskPath": "entry",
          "workerId": 0,
          "startTime": 1703220390490
        }
      ],
      "name": "overallTime",
      "taskName": "default@PackageHap",
      "taskPath": "entry",
      "workerId": -1,
      "startTime": 1703220390488
    },
    {
      "type": "build_line",
      "endTime": 1703220393050,
      "status": "closed",
      "children": [],
      "name": "overallTime",
      "taskName": "default@SignHap",
      "taskPath": "entry",
      "workerId": -1,
      "startTime": 1703220390773
    },
    {
      "type": "build_line",
      "endTime": 1703220393051,
      "status": "closed",
      "children": [],
      "name": "overallTime",
      "taskName": "assembleHap",
      "taskPath": "entry",
      "workerId": -1,
      "startTime": 1703220393051
    }
  ],
  "workLog": [
    {
      "type": "work",
      "time": "[2023-12-22T12:46:30.485]",
      "workerId": 1,
      "content": "[2023-12-22T12:46:30.485] > hvigor \u001b[32m\u001b[33mWARN: \u001b[33mArkTS:WARN File: C:/Users/26387/DevEcoStudioProjects/PokePomodoro/entry/src/main/ets/components/IndexTabPages/Pomodoro.ets:2:1\n It's not a recommended way to export struct with @Entry decorator, which may cause ACE Engine error in component preview mode.\u001b[39m\r\n\u001b[33mWARN: \u001b[33mArkTS:WARN File: C:/Users/26387/DevEcoStudioProjects/PokePomodoro/entry/src/main/ets/components/IndexTabPages/GameMenu.ets:3:1\n It's not a recommended way to export struct with @Entry decorator, which may cause ACE Engine error in component preview mode.\u001b[39m\r\n\u001b[39m\n",
      "taskPath": "entry",
      "taskName": "default@CompileArkTS",
      "taskCompletePath": "entry:default@CompileArkTS"
    }
  ]
}